Metric,Mean,Std Dev,CV (%),Stability
Accuracy,0.9583574879227055,0.02619785180602591,2.7336199837923996,SANGAT STABIL
Precision,0.951953904368765,0.04635864079315999,4.869840921961461,SANGAT STABIL
Recall,0.9450292397660819,0.04537767187266209,4.801721466723525,SANGAT STABIL
F1 Score,0.9475381352161538,0.03336982612254761,3.5217396411106168,SANGAT STABIL
AUC,0.9800469538042638,0.018547477860485145,1.8925091077003104,SANGAT STABIL
